{
  "AUC_class_-1": 0.6658403582718652,
  "AUC_class_0": 0.6262792532354973,
  "AUC_class_1": 0.662420174582455,
  "macro_auc": 0.6515132620299392,
  "weighted_auc": 0.65671375283717,
  "class_counts": {
    "0": 292,
    "1": 279,
    "2": 1021
  },
  "VUS_exact": null,
  "VUS_monte_carlo": 0.44034,
  "N_class_-1": 292,
  "N_class_0": 279,
  "N_class_1": 1021
}