{
  "AUC_class_-1": 0.6637129492625651,
  "AUC_class_0": 0.6891492800470173,
  "AUC_class_1": 0.6905996061791053,
  "macro_auc": 0.681153945162896,
  "weighted_auc": 0.6857051133218695,
  "class_counts": {
    "0": 292,
    "1": 415,
    "2": 1020
  },
  "VUS_exact": null,
  "VUS_monte_carlo": 0.67328,
  "N_class_-1": 292,
  "N_class_0": 415,
  "N_class_1": 1020
}